1,1.M.R. VORTEX 50 SERV SNOWCONE BPI,"Diseñado para incrementar tus niveles de energía y lograr mayor resistencia e intensidad durante el entrenamiento. La nueva fórmula de 1.M.R combina la acción de sustancias estimulantes como la cafeína o el guaraná que aumentan tus niveles de energía, con ingredientes para mejorar la fuerza y el rendimiento asi como la creatina y los aminoácidos, en cada dosis proporciona 3.500 mg de ingredientes activos en su fórmula.", $	350.00 
2,100%  EGG AMINO 250 TAB UNIVERSAL,"Los aminoácidos son esenciales para apoyar el crecimiento muscular y la salud en general . Labrada tabletas aminos completas proporcionan una gama completa de 18 aminoácidos esenciales , condicionalmente esenciales y no esenciales en cada porción.", $	336.00 
3,AMINO 2250  260 TAB UNIVERSAL,No definido, $	336.00 
4,ANIMAL PACK  44 PAQ   UNIVERSAL,"Suplemento multivitamínico y multimineral todo en uno con algunos extras añadidos, como complejos antioxidantes o enzimas digestivas empaquetado en packs. Durante años su formulación ha ido variando y se han ido agregando y eliminando componentes, pero la base es prácticamente la misma que siempre.", $	528.00 
5,BASIX CARNITINE 120 CAPS NUTREX,"Aminoácido natural que juega un rol vital en el metabolismo de las grasas. Ayuda a promover una buena salud y niveles de energía produciendo que la grasa almacenada, llamada triglicéridos, se libere para ser usado como energía celular. Además se ha demostrado que ayuda a incrementar la potencia muscular al reducir los niveles de ácido láctico que ocasionan dolor post ejercicio", $	247.00 
6,BASIX LIPO 6 120 CAP NUTREX,No definido con acento en la á, $	440.00 
7,BASIX LIPO 6 HERS 120 CAP NUTREX,No definido, $	440.00 
8,BCAA DRIVE BLACK 200 TABS NUTREX,No definido, $	292.00 
9,BCAA POWDER 500 GMS  LABRADA,No definido, $	370.00 
10,BEAUTY DREAM  COLAGENO PURO,No definido, $	687.00 
11,BEST BCAA 30 SERV  BPI,No definido, $	290.00 
12,CARNIPURE 112 G GASPARI                            ,No definido, $	230.00 
13,CARNIVOR 4 LBS MUSCLEMEDS ,No definido, $	690.00 
14,CARNIVOR BAR  MUSCLEMEDS ,No definido, $	40.00 
15,CARNIVOR BAR  MUSCLEMEDS (CAJA),No definido, $	370.00 
16,CARNIVOR  8 LBS  MUSCLEMEDS,No definido," $	1,112.00 "
17,CASEINATO 1K,No definido, $	350.00 
18,CHARGE-X 120 CAPS LABRADA,No definido, $	272.00 
19,CREALEAN  500 GRAMOS LABRADA,No definido, $	256.00 
20,CYTOGAINER 6 LBS CYTOSPORT,No definido, $	640.00 
21,DRY 28 CAPS CUTLER NUTRITION,No definido, $	328.00 
22,ELITE CASEIN 4 LBS DYMATIZE,No definido, $	750.00 
23,FACE CREAM CREMA COLAGENO,No definido, $	296.00 
24,GAIN FAST 3100 10 LBS UNIVERSAL,No definido, $	700.00 
25,GLUTALEAN 500G LABRADA,No definido, $	423.00 
26,GLUTAMINE 300 GMS GASPARI,No definido, $	250.00 
27,GUANTES DE NOPRENO,No definido, $	82.00 
28,HYDROXYCUT 120 CAPS MUSCLETECH,No definido, $	549.00 
29,IRON CRE3  30 SERV ARNOLD ,No definido, $	338.00 
30,IRON WHEY 5 LBS ARNOLD,No definido, $	712.00 
31,ISOLEAN PRO ZERO 5LBS LABRADA,No definido," $	1,388.00 "
32,ISOPURE ZERO CARBS 3 LB  NATURES BEST,No definido, $	991.00 
33,JACK 3D SABORES  MICRO 40 SERV  146 G USP,No definido, $	555.00 
34,JET FUEL LIQUICAPS 120 CAPS  GAT,No definido, $	449.00 
35,L-CARNITINE 1500 PURO CAMPEON,No definido, $	200.00 
36,L-CARNITINE POWER   112 GMS SAN,No definido, $	200.00 
37,LEAN BODY SOBRES LABRADA,No definido, $	37.00 
38,LEAN BODY 42 PACK  (COMPLETA),No definido," $	1,449.00 "
39,LEAN BODY WEIGHT GAINER 12 LBS LABRADA,No definido, $	960.00 
40,LIPO 6 BLACK HERS 120 CAP NUTREX,No definido, $	507.00 
41,LIPO 6 BLACK ORIGINAL  120 CAPSULAS NUTREX,No definido, $	507.00 
42,LIPO 6 HERS MULTIPHASE 120 CAP NUTREX,No definido, $	507.00 
43,LOGEN COLAGENO EN POLVO,No definido, $	330.00 
44,METABOL TOPIC,No definido, $	360.00 
45,MODERNBCAA 150 TAB  USP,No definido, $	345.00 
46,MUSCLE MASS GAINNER  12 L  LABRADA,No definido, $	780.00 
47,MUSCLE MILK  2.5 LBS CYTOSPORT,No definido, $	440.00 
48,MUSCLE MILK GAINER  5 LBS CYTOSPORT,No definido, $	600.00 
49,NITRIX  180 TAB  BSN,No definido, $	496.00 
50,NO XPLODE 50 SERV 2.25 LB BSN,No definido, $	504.00 
51,OH YEAH  12 ISS,No definido, $	35.00 
52,OH YEAH BAR 12 UNITS CAJA ISS ,No definido, $	368.00 
53,PERFORMANCE SERIES MASS-TECH 7LBS MILK MUSCLETECH,No definido, $	733.00 
54,PROTAN  STEP 8.5 ONZAS,No definido, $	200.00 
55,PROV60  3.5 LB  LABRADA,No definido, $	784.00 
56,SHAKER OFICIAL 750 ML PURO CAMPEON ,No definido, $	80.00 
57,SHOTGUN  SABORES VPX 1.48 LB  MHF,No definido, $	520.00 
58,SIGNATURE SHAKER,No definido, $	84.00 
59,SUPER CHARGE XTREME  800 G  LABRADA,No definido, $	592.00 
60,SUPER MASS GAINER  12 LBS  DYMATIZE,No definido, $	600.00 
61,TRIB 650  100 CAPS   DYMATIZE,No definido, $	280.00 
62,TRUE MASS  5.75 LBS  BSN ,No definido, $	770.00 
63,T-UPBLACK TEST BOOSTER  150 LIQCAPS NUTREX,No definido, $	496.00 
64,UP YOUR MASS  10 LBS MHP,No definido, $	880.00 
65,VITRIX WITH NTS-5  180 CAPS NUTREX,No definido, $	648.00 
66,YELLOW SCORPION 90 CAP HI-TECH ,No definido, $	304.00 
67,PROMOCION 2X1 DRY,No definido, $	300.00 
68,PROMOCION 2X1 YELOW,No definido, $	275.00 
69,BCAA POWER 500 GMS LABRADA,No definido, $	465.00 
70,100% AMINO 320 TABS LABRADA,No definido, $	366.00 
71,CARNI-TECH 16 OZ UNIVERSAL,No definido, $	365.00 
72,CARNITINE CORE LIQUID 16 OZ  MUSCLE PHARM,No definido, $	211.00 
73,L-CARNITINE 1500 16 OZ MET RX,No definido, $	194.00 
74,ADVANCE CREATINE BLAST 3.17 LBS MEX RX,No definido, $	253.00 
75,IRON MASS 10LBS ARNOLD,No definido," $	1,422.00 "
76,L-CARNITINE LIQUID 16 OZ LABRADA,No definido, $	275.00 
77,BASIX CLA 180 SOFTGELS NUTREX,No definido, $	355.00 
78,IRON PUMP 60 SERV ARNOLD,No definido, $	634.00 
79,ISOPURE ZERO CARB 7.5 LBS VANILLA,No definido," $	2,220.00 "
80,LEAN PRO 8 BAG 5LBS LABRADA,No definido, $	881.00 
81,METHYLBURN EXTREME 60 CAPS MUSCLEMEDS,No definido, $	465.00 